location_id;location_name;demand_charge;suggested_kwp;original_peak_no_pv;optimized_peak_no_pv;reduction_no_pv;savings_no_pv;original_peak_pv;optimized_peak_pv;reduction_pv;savings_pv;warning_no_pv;warning_pv;file_path
83419;"1103 Alloheim Senioren-Residenz """"Rotermundstraße"""" AP""";90.58;210;67.448;25.447.999.999.999.900;42.0;3804.36;6.179.170.125.943.740;2.079.170.125.943.740;41.0;37.137.799.999.999.900;⚠️ Warnung: Das volle Potenzial der Batterie konnte aufgrund der Lastprofilcharakteristiken nicht erreicht werden.;⚠️ Warnung: Das volle Potenzial der Batterie konnte aufgrund der Lastprofilcharakteristiken nicht erreicht werden.;c:\Users\mgr\battery-dashboard-v3\Alloheim_overview\data\18859_1103 Alloheim Senioren-Residenz __Rotermundstraße__ AP_.xlsx
83022;"1110 Alloheim Senioren-Residenz ""Dormagen""  ";176.8;250;150.4;75.4;75.0;13260.0;14.038.997.792.169.200;6.438.997.792.169.250;76.0;13.436.800.000.000.000;⚠️ Warnung: Das volle Potenzial der Batterie konnte aufgrund der Lastprofilcharakteristiken nicht erreicht werden.;⚠️ Warnung: Das volle Potenzial der Batterie konnte aufgrund der Lastprofilcharakteristiken nicht erreicht werden.;c:\Users\mgr\battery-dashboard-v3\Alloheim_overview\data\18859_1110 Alloheim Senioren-Residenz _Dormagen_  .xlsx
82865;"1115 Alloheim Senioren-Residenz ""Am Kurpark""";20.27;87;65.148;15.147.999.999.999.900;50.0;1013.5;5.814.928.723.358.920;14.149.287.233.589.200;44.0;891.88;⚠️ Warnung: Das volle Potenzial der Batterie konnte aufgrund der Lastprofilcharakteristiken nicht erreicht werden.;⚠️ Warnung: Das volle Potenzial der Batterie konnte aufgrund der Lastprofilcharakteristiken nicht erreicht werden.;c:\Users\mgr\battery-dashboard-v3\Alloheim_overview\data\18859_1115 Alloheim Senioren-Residenz _Am Kurpark_.xlsx
83177;"1120 Alloheim Senioren-Residenz ""Mainpark""";153.47;162;84.496;4.189.642.105.263.180;4.259.957.894.736.810;6.537.757.381.052.580;8.379.987.341.439.550;3.679.987.341.439.550;47.0;7213.09;⚠️ Warnung: Das volle Potenzial der Batterie konnte aufgrund der Lastprofilcharakteristiken nicht erreicht werden.;⚠️ Warnung: Das volle Potenzial der Batterie konnte aufgrund der Lastprofilcharakteristiken nicht erreicht werden.;c:\Users\mgr\battery-dashboard-v3\Alloheim_overview\data\18859_1120 Alloheim Senioren-Residenz _Mainpark_.xlsx
82924;"1140 Alloheim Sozialpsychatrisches Zentrum ""Arienheller";165.21;0;86.752;33.751.999.999.999.900;53.0;8.756.130.000.000.000;86.752;33.751.999.999.999.900;53.0;8.756.130.000.000.000;⚠️ Warnung: Das volle Potenzial der Batterie konnte aufgrund der Lastprofilcharakteristiken nicht erreicht werden.;⚠️ Warnung: Das volle Potenzial der Batterie konnte aufgrund der Lastprofilcharakteristiken nicht erreicht werden.;c:\Users\mgr\battery-dashboard-v3\Alloheim_overview\data\18859_1140 Alloheim Sozialpsychatrisches Zentrum _Arienheller.xlsx
83014;"1150 Alloheim Senioren-Residenz ""Am Entenmoos""";120.58;240;90.36;30.36;60.0;7234.8;879.353.321.060.492;25.935.332.106.049.200;62.0;7475.96;⚠️ Warnung: Das volle Potenzial der Batterie konnte aufgrund der Lastprofilcharakteristiken nicht erreicht werden.;⚠️ Warnung: Das volle Potenzial der Batterie konnte aufgrund der Lastprofilcharakteristiken nicht erreicht werden.;c:\Users\mgr\battery-dashboard-v3\Alloheim_overview\data\18859_1150 Alloheim Senioren-Residenz _Am Entenmoos_.xlsx
83029;"1160 Alloheim Senioren-Residenz ""Reichenbach"" ";179.2;300;109.7;4.996.842.105.263.140;5.973.157.894.736.850;10.703.898.947.368.400;10.352.850.118.121.700;4.152.850.118.121.770;62.0;11110.4;⚠️ Warnung: Das volle Potenzial der Batterie konnte aufgrund der Lastprofilcharakteristiken nicht erreicht werden.;⚠️ Warnung: Das volle Potenzial der Batterie konnte aufgrund der Lastprofilcharakteristiken nicht erreicht werden.;c:\Users\mgr\battery-dashboard-v3\Alloheim_overview\data\18859_1160 Alloheim Senioren-Residenz _Reichenbach_ .xlsx
82905;"1165 Alloheim Senioren-Residenz ""Süderbrarup""";212.06;270;51.824;16.823.999.999.999.900;35.0;7422.1;504.169.064.814.398;12.416.906.481.439.800;38.0;8058.28;⚠️ Warnung: Das volle Potenzial der Batterie konnte aufgrund der Lastprofilcharakteristiken nicht erreicht werden.;⚠️ Warnung: Das volle Potenzial der Batterie konnte aufgrund der Lastprofilcharakteristiken nicht erreicht werden.;c:\Users\mgr\battery-dashboard-v3\Alloheim_overview\data\18859_1165 Alloheim Senioren-Residenz _Süderbrarup_.xlsx
82861;"1173 Alloheim Senioren-Residenz ""Am Eichberg""  ";65.95;450;94.88;22.879.999.999.999.900;72.0;4.748.400.000.000.000;9.337.975.436.249.770;1.437.975.436.249.770;79.0;5210.05;⚠️ Warnung: Das volle Potenzial der Batterie konnte aufgrund der Lastprofilcharakteristiken nicht erreicht werden.;⚠️ Warnung: Das volle Potenzial der Batterie konnte aufgrund der Lastprofilcharakteristiken nicht erreicht werden.;c:\Users\mgr\battery-dashboard-v3\Alloheim_overview\data\18859_1173 Alloheim Senioren-Residenz _Am Eichberg_  .xlsx
83108;"1180 Alloheim Senioren-Residenz ""Einbeck""";213.46;320;107.336;63.336;44.0;9392.24;9.608.602.337.558.010;5.708.602.337.558.010;39.0;8324.94;⚠️ Warnung: Das volle Potenzial der Batterie konnte aufgrund der Lastprofilcharakteristiken nicht erreicht werden.;⚠️ Warnung: Das volle Potenzial der Batterie konnte aufgrund der Lastprofilcharakteristiken nicht erreicht werden.;c:\Users\mgr\battery-dashboard-v3\Alloheim_overview\data\18859_1180 Alloheim Senioren-Residenz _Einbeck_.xlsx
83420;"1404 Alloheim Senioren-Residenz ""Sophienresidenz""";18.89;250;35.1;19.1;16.0;302.24;3.069.554.645.494.110;14.695.546.454.941.100;16.0;302.24;⚠️ Warnung: Das volle Potenzial der Batterie konnte aufgrund der Lastprofilcharakteristiken nicht erreicht werden.;⚠️ Warnung: Das volle Potenzial der Batterie konnte aufgrund der Lastprofilcharakteristiken nicht erreicht werden.;c:\Users\mgr\battery-dashboard-v3\Alloheim_overview\data\18859_1404 Alloheim Senioren-Residenz _Sophienresidenz_.xlsx
82948;1411 Seniorenresidenz Mülheim Friedrich-Ebert-Str;78.46;110;1872.44;1772.44;100.0;7.845.999.999.999.990;18.724.375.503.152.600;17.724.375.503.152.600;100.0;7.845.999.999.999.990;;;c:\Users\mgr\battery-dashboard-v3\Alloheim_overview\data\18859_1411 Seniorenresidenz Mülheim Friedrich-Ebert-Str.xlsx
82927;"1412 Alloheim Senioren-Residenz ""An der Schillerhöhe""";65.95;190;99.2;3.634.526.315.789.460;6.285.473.684.210.530;4.145.269.894.736.840;9.649.746.107.349.540;27.497.461.073.495.400;69.0;4550.55;⚠️ Warnung: Das volle Potenzial der Batterie konnte aufgrund der Lastprofilcharakteristiken nicht erreicht werden.;⚠️ Warnung: Das volle Potenzial der Batterie konnte aufgrund der Lastprofilcharakteristiken nicht erreicht werden.;c:\Users\mgr\battery-dashboard-v3\Alloheim_overview\data\18859_1412 Alloheim Senioren-Residenz _An der Schillerhöhe_.xlsx
85570;"1418 Alloheim Senioren-Residenz ""Meißen an der Elbe""";103.46;120;59.6;18.6;41.0;4241.86;5.453.966.496.458.820;16.539.664.964.588.200;38.0;39.314.799.999.999.900;⚠️ Warnung: Das volle Potenzial der Batterie konnte aufgrund der Lastprofilcharakteristiken nicht erreicht werden.;⚠️ Warnung: Das volle Potenzial der Batterie konnte aufgrund der Lastprofilcharakteristiken nicht erreicht werden.;c:\Users\mgr\battery-dashboard-v3\Alloheim_overview\data\18859_1418 Alloheim Senioren-Residenz _Meißen an der Elbe_.xlsx
82873;"1419 Alloheim Senioren-Residenz ""Am Sieberdamm""";222.13;200;63.5;25.5;38.0;8440.94;63.496.436.309.592.800;22.496.436.309.592.800;41.0;9107.33;⚠️ Warnung: Das volle Potenzial der Batterie konnte aufgrund der Lastprofilcharakteristiken nicht erreicht werden.;⚠️ Warnung: Das volle Potenzial der Batterie konnte aufgrund der Lastprofilcharakteristiken nicht erreicht werden.;c:\Users\mgr\battery-dashboard-v3\Alloheim_overview\data\18859_1419 Alloheim Senioren-Residenz _Am Sieberdamm_.xlsx
82836;"1421 Alloheim Senioren-Residenz ""An der alten Färberei""";65.95;155;60.9;16.9;44.0;2901.8;58.935.732.933.693.900;7.935.732.933.693.950;51.0;33.634.500.000.000.000;⚠️ Warnung: Das volle Potenzial der Batterie konnte aufgrund der Lastprofilcharakteristiken nicht erreicht werden.;⚠️ Warnung: Das volle Potenzial der Batterie konnte aufgrund der Lastprofilcharakteristiken nicht erreicht werden.;c:\Users\mgr\battery-dashboard-v3\Alloheim_overview\data\18859_1421 Alloheim Senioren-Residenz _An der alten Färberei_.xlsx
83186;"1422 Alloheim Senioren-Residenz ""Am Beckerturm""";169.47;140;62.78;21.78;41.0;69.482.699.999.999.900;5.984.141.676.579.050;15.841.416.765.790.500;44.0;7456.68;⚠️ Warnung: Das volle Potenzial der Batterie konnte aufgrund der Lastprofilcharakteristiken nicht erreicht werden.;⚠️ Warnung: Das volle Potenzial der Batterie konnte aufgrund der Lastprofilcharakteristiken nicht erreicht werden.;c:\Users\mgr\battery-dashboard-v3\Alloheim_overview\data\18859_1422 Alloheim Senioren-Residenz _Am Beckerturm_.xlsx
85091;1452 Itertalklinik Seniorenzentrum Kornelimünster;140.32;170;59.18;27.18;32.0;4490.24;5.059.788.262.277.020;2.359.788.262.277.020;27.0;3788.64;⚠️ Warnung: Das volle Potenzial der Batterie konnte aufgrund der Lastprofilcharakteristiken nicht erreicht werden.;⚠️ Warnung: Das volle Potenzial der Batterie konnte aufgrund der Lastprofilcharakteristiken nicht erreicht werden.;c:\Users\mgr\battery-dashboard-v3\Alloheim_overview\data\18859_1452 Itertalklinik Seniorenzentrum Kornelimünster.xlsx
82949;1453 Itertalklinik-Seniorenzentrum Roetgen II;78.46;137;46.86;16.86;30.0;23.537.999.999.999.900;3.680.489.862.179.110;13.804.898.621.791.100;23.0;1804.58;⚠️ Warnung: Das volle Potenzial der Batterie konnte aufgrund der Lastprofilcharakteristiken nicht erreicht werden.;⚠️ Warnung: Das volle Potenzial der Batterie konnte aufgrund der Lastprofilcharakteristiken nicht erreicht werden.;c:\Users\mgr\battery-dashboard-v3\Alloheim_overview\data\18859_1453 Itertalklinik-Seniorenzentrum Roetgen II.xlsx
83669;1454 Itertalklinik Seniorenzentrum Breinig ;22.15;0;69.832;23.831.999.999.999.900;46.0;1018.9;69.832;23.831.999.999.999.900;46.0;1018.9;⚠️ Warnung: Das volle Potenzial der Batterie konnte aufgrund der Lastprofilcharakteristiken nicht erreicht werden.;⚠️ Warnung: Das volle Potenzial der Batterie konnte aufgrund der Lastprofilcharakteristiken nicht erreicht werden.;c:\Users\mgr\battery-dashboard-v3\Alloheim_overview\data\18859_1454 Itertalklinik Seniorenzentrum Breinig .xlsx
84180;1455 Itertalklinik Seniorenzentrum Stolberg Mitte;0.0;240;45.08;20.08;25.0;0.0;4.241.465.419.801.660;1.641.465.419.801.660;26.0;0.0;⚠️ Warnung: Das volle Potenzial der Batterie konnte aufgrund der Lastprofilcharakteristiken nicht erreicht werden.;⚠️ Warnung: Das volle Potenzial der Batterie konnte aufgrund der Lastprofilcharakteristiken nicht erreicht werden.;c:\Users\mgr\battery-dashboard-v3\Alloheim_overview\data\18859_1455 Itertalklinik Seniorenzentrum Stolberg Mitte.xlsx
83668;1456 Itertalklinik Seniorenzentrum Simmerath;140.32;375;81.64;29.64;52.0;7.296.639.999.999.990;7.579.027.817.197.010;22.790.278.171.970.100;53.0;7436.96;⚠️ Warnung: Das volle Potenzial der Batterie konnte aufgrund der Lastprofilcharakteristiken nicht erreicht werden.;⚠️ Warnung: Das volle Potenzial der Batterie konnte aufgrund der Lastprofilcharakteristiken nicht erreicht werden.;c:\Users\mgr\battery-dashboard-v3\Alloheim_overview\data\18859_1456 Itertalklinik Seniorenzentrum Simmerath.xlsx
84904;"1501 Alloheim Senioren-Residenz ""Philosophenweg""";54.62;170;150.0;50.0;100.0;5462.0;1.499.426.232.418.990;499.426.232.418.991;100.0;5462.0;;;c:\Users\mgr\battery-dashboard-v3\Alloheim_overview\data\18859_1501 Alloheim Senioren-Residenz _Philosophenweg_.xlsx
85541;"1502 Alloheim Senioren-Residenz ""Ellerau""";0.0;150;105.5;35.5;70.0;0.0;9.525.144.077.034.580;28.251.440.770.345.800;67.0;0.0;⚠️ Warnung: Das volle Potenzial der Batterie konnte aufgrund der Lastprofilcharakteristiken nicht erreicht werden.;⚠️ Warnung: Das volle Potenzial der Batterie konnte aufgrund der Lastprofilcharakteristiken nicht erreicht werden.;c:\Users\mgr\battery-dashboard-v3\Alloheim_overview\data\18859_1502 Alloheim Senioren-Residenz _Ellerau_.xlsx
85147;"1503 Alloheim Senioren-Residenz ""Reinbek""";44.37;150;70.56;26.560.000.000.000.000;44.0;1952.28;6.823.599.116.867.700;23.235.991.168.677.000;45.0;19.966.499.999.999.900;⚠️ Warnung: Das volle Potenzial der Batterie konnte aufgrund der Lastprofilcharakteristiken nicht erreicht werden.;⚠️ Warnung: Das volle Potenzial der Batterie konnte aufgrund der Lastprofilcharakteristiken nicht erreicht werden.;c:\Users\mgr\battery-dashboard-v3\Alloheim_overview\data\18859_1503 Alloheim Senioren-Residenz _Reinbek_.xlsx
83107;200 Träger/Verwaltung Düsseldorf;19.49;0;10.788;10.788;0.0;0.0;10.788;10.788;0.0;0.0;⚠️ Warnung: Das volle Potenzial der Batterie konnte aufgrund der Lastprofilcharakteristiken nicht erreicht werden.;⚠️ Warnung: Das volle Potenzial der Batterie konnte aufgrund der Lastprofilcharakteristiken nicht erreicht werden.;c:\Users\mgr\battery-dashboard-v3\Alloheim_overview\data\18859_200 Träger_Verwaltung Düsseldorf.xlsx
83020;"2101 Alloheim Senioren-Residenz ""Dortmund-Körne""";29.71;187;76.532;28.531.999.999.999.900;48.0;1426.08;6.753.866.609.677.570;2.553.866.609.677.570;42.0;1247.82;⚠️ Warnung: Das volle Potenzial der Batterie konnte aufgrund der Lastprofilcharakteristiken nicht erreicht werden.;⚠️ Warnung: Das volle Potenzial der Batterie konnte aufgrund der Lastprofilcharakteristiken nicht erreicht werden.;c:\Users\mgr\battery-dashboard-v3\Alloheim_overview\data\18859_2101 Alloheim Senioren-Residenz _Dortmund-Körne_.xlsx
82855;"2102 Alloheim Senioren-Residenz ""Schloss Westhusen""";122.46;312;108.0;40.0;68.0;8.327.279.999.999.990;10.799.027.279.119.000;3.399.027.279.119.060;74.0;9.062.039.999.999.990;⚠️ Warnung: Das volle Potenzial der Batterie konnte aufgrund der Lastprofilcharakteristiken nicht erreicht werden.;⚠️ Warnung: Das volle Potenzial der Batterie konnte aufgrund der Lastprofilcharakteristiken nicht erreicht werden.;c:\Users\mgr\battery-dashboard-v3\Alloheim_overview\data\18859_2102 Alloheim Senioren-Residenz _Schloss Westhusen_.xlsx
83207;"2122 Alloheim Senioren Residenz ""Ullsteinstraße""";112.14;54;188.0;112.0;76.0;8522.64;18.480.116.751.333.600;10.980.116.751.333.600;75.0;8410.5;⚠️ Warnung: Das volle Potenzial der Batterie konnte aufgrund der Lastprofilcharakteristiken nicht erreicht werden.;⚠️ Warnung: Das volle Potenzial der Batterie konnte aufgrund der Lastprofilcharakteristiken nicht erreicht werden.;c:\Users\mgr\battery-dashboard-v3\Alloheim_overview\data\18859_2122 Alloheim Senioren Residenz _Ullsteinstraße_.xlsx
82938;"2125 Senioren Residenz ""In der Alten Mälzerei""";167.46;125;64.604;24.604;40.0;6.698.400.000.000.000;6.322.408.347.106.420;22.224.083.471.064.200;41.0;6.865.860.000.000.000;⚠️ Warnung: Das volle Potenzial der Batterie konnte aufgrund der Lastprofilcharakteristiken nicht erreicht werden.;⚠️ Warnung: Das volle Potenzial der Batterie konnte aufgrund der Lastprofilcharakteristiken nicht erreicht werden.;c:\Users\mgr\battery-dashboard-v3\Alloheim_overview\data\18859_2125 Senioren Residenz _In der Alten Mälzerei_.xlsx
82864;"2126 Alloheim Senioren Residenz ""Am Müllerbrunnen""";167.46;175;74.2;30.200.000.000.000.000;44.0;7.368.240.000.000.000;704.968.825.184.588;27.496.882.518.458.800;43.0;7.200.780.000.000.000;⚠️ Warnung: Das volle Potenzial der Batterie konnte aufgrund der Lastprofilcharakteristiken nicht erreicht werden.;⚠️ Warnung: Das volle Potenzial der Batterie konnte aufgrund der Lastprofilcharakteristiken nicht erreicht werden.;c:\Users\mgr\battery-dashboard-v3\Alloheim_overview\data\18859_2126 Alloheim Senioren Residenz _Am Müllerbrunnen_.xlsx
83193;"2128 Alloheim Senioren Residenz ""Hildburghauser Straße""";112.14;120;101.1;41.7;5.939.999.999.999.990;6.661.115.999.999.990;1.007.694.655.630.850;36.769.465.563.085.300;64.0;7176.96;⚠️ Warnung: Das volle Potenzial der Batterie konnte aufgrund der Lastprofilcharakteristiken nicht erreicht werden.;⚠️ Warnung: Das volle Potenzial der Batterie konnte aufgrund der Lastprofilcharakteristiken nicht erreicht werden.;c:\Users\mgr\battery-dashboard-v3\Alloheim_overview\data\18859_2128 Alloheim Senioren Residenz _Hildburghauser Straße_.xlsx
83192;"2134 Sozialpsychiatrisches Pflegezentrum ""Am Körnerpark""";112.14;25;42.8;13.799.999.999.999.900;29.0;3252.06;40.740.010.481.345.500;12.740.010.481.345.500;28.0;3139.92;⚠️ Warnung: Das volle Potenzial der Batterie konnte aufgrund der Lastprofilcharakteristiken nicht erreicht werden.;⚠️ Warnung: Das volle Potenzial der Batterie konnte aufgrund der Lastprofilcharakteristiken nicht erreicht werden.;c:\Users\mgr\battery-dashboard-v3\Alloheim_overview\data\18859_2134 Sozialpsychiatrisches Pflegezentrum _Am Körnerpark_.xlsx
82833;"2135 Alloheim Senioren Residenz ""Elsdorf""";78.46;160;82.08;29.08;53.0;4158.38;764.357.245.967.435;26.435.724.596.743.400;50.0;39.229.999.999.999.900;⚠️ Warnung: Das volle Potenzial der Batterie konnte aufgrund der Lastprofilcharakteristiken nicht erreicht werden.;⚠️ Warnung: Das volle Potenzial der Batterie konnte aufgrund der Lastprofilcharakteristiken nicht erreicht werden.;c:\Users\mgr\battery-dashboard-v3\Alloheim_overview\data\18859_2135 Alloheim Senioren Residenz _Elsdorf_.xlsx
82896;"2136 Alloheim Senioren Residenz ""Frechen""";78.46;150;79.192;30.191.999.999.999.900;49.0;38.445.399.999.999.900;6.666.325.495.634.880;2.466.325.495.634.880;42.0;32.953.199.999.999.900;⚠️ Warnung: Das volle Potenzial der Batterie konnte aufgrund der Lastprofilcharakteristiken nicht erreicht werden.;⚠️ Warnung: Das volle Potenzial der Batterie konnte aufgrund der Lastprofilcharakteristiken nicht erreicht werden.;c:\Users\mgr\battery-dashboard-v3\Alloheim_overview\data\18859_2136 Alloheim Senioren Residenz _Frechen_.xlsx
82859;"2138 Alloheim Senioren Residenz ""Kruppstraße""";89.99;140;127.0;60.0;67.0;6029.33;12.649.348.886.956.400;53.493.488.869.564.100;73.0;65.692.699.999.999.900;⚠️ Warnung: Das volle Potenzial der Batterie konnte aufgrund der Lastprofilcharakteristiken nicht erreicht werden.;⚠️ Warnung: Das volle Potenzial der Batterie konnte aufgrund der Lastprofilcharakteristiken nicht erreicht werden.;c:\Users\mgr\battery-dashboard-v3\Alloheim_overview\data\18859_2138 Alloheim Senioren Residenz _Kruppstraße_.xlsx
82926;"2139 Senioren-Residenz ""Gohlis""";24.8;170;57.452;15.451.999.999.999.900;42.0;10.416.000.000.000.000;57.449.729.055.122.900;12.449.729.055.122.900;45.0;1116.0;⚠️ Warnung: Das volle Potenzial der Batterie konnte aufgrund der Lastprofilcharakteristiken nicht erreicht werden.;⚠️ Warnung: Das volle Potenzial der Batterie konnte aufgrund der Lastprofilcharakteristiken nicht erreicht werden.;c:\Users\mgr\battery-dashboard-v3\Alloheim_overview\data\18859_2139 Senioren-Residenz _Gohlis_.xlsx
85177;"2140 Alloheim Senioren-Residenz ""Monheim""";38.83;0;44.92;7.920.000.000.000.000;37.0;1436.71;44.92;7.920.000.000.000.000;37.0;1436.71;⚠️ Warnung: Das volle Potenzial der Batterie konnte aufgrund der Lastprofilcharakteristiken nicht erreicht werden.;⚠️ Warnung: Das volle Potenzial der Batterie konnte aufgrund der Lastprofilcharakteristiken nicht erreicht werden.;c:\Users\mgr\battery-dashboard-v3\Alloheim_overview\data\18859_2140 Alloheim Senioren-Residenz _Monheim_.xlsx
83092;"2142 Alloheim Senioren Residenz ""Casino Wetzlar"" Altenpflege";229.4;500;102.1;46.099.999.999.999.900;56.0;12846.4;7.265.614.463.513.070;3.665.614.463.513.070;36.0;8258.4;⚠️ Warnung: Das volle Potenzial der Batterie konnte aufgrund der Lastprofilcharakteristiken nicht erreicht werden.;⚠️ Warnung: Das volle Potenzial der Batterie konnte aufgrund der Lastprofilcharakteristiken nicht erreicht werden.;c:\Users\mgr\battery-dashboard-v3\Alloheim_overview\data\18859_2142 Alloheim Senioren Residenz _Casino Wetzlar_ Altenpflege.xlsx
82822;"2144 Alloheim Senioren-Residenz ""Pflegeeinrichtung am Klinikum"" Altenpflege";137.61;260;88.24;31.239.999.999.999.900;57.0;7843.77;707.130.524.697.082;26.713.052.469.708.200;44.0;6054.84;⚠️ Warnung: Das volle Potenzial der Batterie konnte aufgrund der Lastprofilcharakteristiken nicht erreicht werden.;⚠️ Warnung: Das volle Potenzial der Batterie konnte aufgrund der Lastprofilcharakteristiken nicht erreicht werden.;c:\Users\mgr\battery-dashboard-v3\Alloheim_overview\data\18859_2144 Alloheim Senioren-Residenz _Pflegeeinrichtung am Klinikum_ Altenpflege.xlsx
84443;2166 Hohenzollernplatz;0.0;76;76.92;37.92;39.0;0.0;7.662.165.715.232.970;3.662.165.715.232.970;40.0;0.0;⚠️ Warnung: Das volle Potenzial der Batterie konnte aufgrund der Lastprofilcharakteristiken nicht erreicht werden.;⚠️ Warnung: Das volle Potenzial der Batterie konnte aufgrund der Lastprofilcharakteristiken nicht erreicht werden.;c:\Users\mgr\battery-dashboard-v3\Alloheim_overview\data\18859_2166 Hohenzollernplatz.xlsx
82840;"2175 Alloheim Senioren-Residenz ""Zwenkau""";65.95;200;94.6;30.599.999.999.999.900;64.0;4220.8;9.000.117.164.775.430;2.700.117.164.775.430;63.0;4154.85;⚠️ Warnung: Das volle Potenzial der Batterie konnte aufgrund der Lastprofilcharakteristiken nicht erreicht werden.;⚠️ Warnung: Das volle Potenzial der Batterie konnte aufgrund der Lastprofilcharakteristiken nicht erreicht werden.;c:\Users\mgr\battery-dashboard-v3\Alloheim_overview\data\18859_2175 Alloheim Senioren-Residenz _Zwenkau_.xlsx
82939;"2180 Alloheim Senioren-Residenz ""Lindenhof“";32.58;312;46.9;17.9;29.0;9.448.199.999.999.990;3.818.948.948.074.290;11.189.489.480.742.900;27.0;879.66;⚠️ Warnung: Das volle Potenzial der Batterie konnte aufgrund der Lastprofilcharakteristiken nicht erreicht werden.;⚠️ Warnung: Das volle Potenzial der Batterie konnte aufgrund der Lastprofilcharakteristiken nicht erreicht werden.;c:\Users\mgr\battery-dashboard-v3\Alloheim_overview\data\18859_2180 Alloheim Senioren-Residenz _Lindenhof“.xlsx
83389;"3001 Alloheim Senioren-Residenz ""Weilmünster""";63.6;31;103.088.866.632;103.087.866.632;100.0;6360.0;10.308.886.662.647.700;10.308.786.662.647.700;100.0;6360.0;;;c:\Users\mgr\battery-dashboard-v3\Alloheim_overview\data\18859_3001 Alloheim Senioren-Residenz _Weilmünster_.xlsx
82810;"3004 Alloheim Senioren-Residenz ""Werdau""";43.56;287;20.112;21.119.999.999.999.900;18.0;784.08;18.497.608.549.837.200;0.4976085498372349;18.0;784.08;⚠️ Warnung: Das volle Potenzial der Batterie konnte aufgrund der Lastprofilcharakteristiken nicht erreicht werden.;⚠️ Warnung: Das volle Potenzial der Batterie konnte aufgrund der Lastprofilcharakteristiken nicht erreicht werden.;c:\Users\mgr\battery-dashboard-v3\Alloheim_overview\data\18859_3004 Alloheim Senioren-Residenz _Werdau_.xlsx
83667;3011 AGO Seniorenzentrum ESCHWEILER ;22.15;170;125.6;54.599.999.999.999.900;71.0;15.726.499.999.999.900;11.836.426.524.971.500;466.241.892.925.001;7.174.007.595.721.570;15.890.426.824.523.200;⚠️ Warnung: Das volle Potenzial der Batterie konnte aufgrund der Lastprofilcharakteristiken nicht erreicht werden.;⚠️ Warnung: Das volle Potenzial der Batterie konnte aufgrund der Lastprofilcharakteristiken nicht erreicht werden.;c:\Users\mgr\battery-dashboard-v3\Alloheim_overview\data\18859_3011 AGO Seniorenzentrum ESCHWEILER .xlsx
83660;3012 AGO SENOTEL Eschweiler ;22.15;112;38.64;12.64;26.0;575.9;3.823.777.948.875.450;923.777.948.875.454;29.0;6.423.499.999.999.990;⚠️ Warnung: Das volle Potenzial der Batterie konnte aufgrund der Lastprofilcharakteristiken nicht erreicht werden.;⚠️ Warnung: Das volle Potenzial der Batterie konnte aufgrund der Lastprofilcharakteristiken nicht erreicht werden.;c:\Users\mgr\battery-dashboard-v3\Alloheim_overview\data\18859_3012 AGO SENOTEL Eschweiler .xlsx
83026;3021 Seniorenzentrum AGO Rosbach;168.33;25;30.452;15.452.000.000.000.000;15.0;25.249.500.000.000.000;3.039.871.363.241.590;1.439.871.363.241.590;16.0;2693.28;⚠️ Warnung: Das volle Potenzial der Batterie konnte aufgrund der Lastprofilcharakteristiken nicht erreicht werden.;⚠️ Warnung: Das volle Potenzial der Batterie konnte aufgrund der Lastprofilcharakteristiken nicht erreicht werden.;c:\Users\mgr\battery-dashboard-v3\Alloheim_overview\data\18859_3021 Seniorenzentrum AGO Rosbach.xlsx
83068;3022 Seniorenzentrum AGO Bad Vilbel;161.38;18;86.76;39.760.000.000.000.000;47.0;7584.86;8.497.095.321.300.750;3.989.917.401.468.330;4.507.177.919.832.410;7.273.683.727.025.550;⚠️ Warnung: Das volle Potenzial der Batterie konnte aufgrund der Lastprofilcharakteristiken nicht erreicht werden.;⚠️ Warnung: Das volle Potenzial der Batterie konnte aufgrund der Lastprofilcharakteristiken nicht erreicht werden.;c:\Users\mgr\battery-dashboard-v3\Alloheim_overview\data\18859_3022 Seniorenzentrum AGO Bad Vilbel.xlsx
82842;3023 Seniorenzentrum AGO Schmitten;24.3;190;83.5;28.5;55.0;1336.5;7.727.324.744.657.410;1.927.324.744.657.410;58.0;1409.4;⚠️ Warnung: Das volle Potenzial der Batterie konnte aufgrund der Lastprofilcharakteristiken nicht erreicht werden.;⚠️ Warnung: Das volle Potenzial der Batterie konnte aufgrund der Lastprofilcharakteristiken nicht erreicht werden.;c:\Users\mgr\battery-dashboard-v3\Alloheim_overview\data\18859_3023 Seniorenzentrum AGO Schmitten.xlsx
82829;3031 Seniorenzentrum AGO Pluwig;78.46;130;81.7;28.700.000.000.000.000;53.0;4158.38;7.317.317.299.867.310;2.517.317.299.867.310;48.0;3766.08;⚠️ Warnung: Das volle Potenzial der Batterie konnte aufgrund der Lastprofilcharakteristiken nicht erreicht werden.;⚠️ Warnung: Das volle Potenzial der Batterie konnte aufgrund der Lastprofilcharakteristiken nicht erreicht werden.;c:\Users\mgr\battery-dashboard-v3\Alloheim_overview\data\18859_3031 Seniorenzentrum AGO Pluwig.xlsx
82958;3032 Seniorenzentrum AGO Piesport;22.71;200;74.1;13.099.999.999.999.900;61.0;1385.31;5.468.197.092.188.000;468.197.092.188.008;50.0;1135.5;⚠️ Warnung: Das volle Potenzial der Batterie konnte aufgrund der Lastprofilcharakteristiken nicht erreicht werden.;⚠️ Warnung: Das volle Potenzial der Batterie konnte aufgrund der Lastprofilcharakteristiken nicht erreicht werden.;c:\Users\mgr\battery-dashboard-v3\Alloheim_overview\data\18859_3032 Seniorenzentrum AGO Piesport.xlsx
82803;3040 Seniorenzentrum AGO Bielatal;223.97;262;78.4;29.400.000.000.000.000;49.0;10974.53;7.246.606.399.042.910;2.446.606.399.042.910;48.0;10750.56;⚠️ Warnung: Das volle Potenzial der Batterie konnte aufgrund der Lastprofilcharakteristiken nicht erreicht werden.;⚠️ Warnung: Das volle Potenzial der Batterie konnte aufgrund der Lastprofilcharakteristiken nicht erreicht werden.;c:\Users\mgr\battery-dashboard-v3\Alloheim_overview\data\18859_3040 Seniorenzentrum AGO Bielatal.xlsx
82831;3055 Seniorenzentrum AGO Herkenrath;34.21;140;74.68;24.680.000.000.000.000;50.0;1710.5;6.477.227.531.104.730;13.772.275.311.047.300;51.0;1744.71;⚠️ Warnung: Das volle Potenzial der Batterie konnte aufgrund der Lastprofilcharakteristiken nicht erreicht werden.;⚠️ Warnung: Das volle Potenzial der Batterie konnte aufgrund der Lastprofilcharakteristiken nicht erreicht werden.;c:\Users\mgr\battery-dashboard-v3\Alloheim_overview\data\18859_3055 Seniorenzentrum AGO Herkenrath.xlsx
83027;3065 Seniorenzentrum AGO Nidderau;168.33;37;134.412;54.412.000.000.000.000;80.0;13.466.400.000.000.000;13.015.345.458.703.500;5.215.345.458.703.520;78.0;13.129.740.000.000.000;⚠️ Warnung: Das volle Potenzial der Batterie konnte aufgrund der Lastprofilcharakteristiken nicht erreicht werden.;⚠️ Warnung: Das volle Potenzial der Batterie konnte aufgrund der Lastprofilcharakteristiken nicht erreicht werden.;c:\Users\mgr\battery-dashboard-v3\Alloheim_overview\data\18859_3065 Seniorenzentrum AGO Nidderau.xlsx
83171;3302 Alloheim Senioren-Residenz Grasleben;122.97;187;90.144;41.144.000.000.000.000;49.0;6025.53;832.866.782.146.377;342.866.782.146.377;49.0;6025.53;⚠️ Warnung: Das volle Potenzial der Batterie konnte aufgrund der Lastprofilcharakteristiken nicht erreicht werden.;⚠️ Warnung: Das volle Potenzial der Batterie konnte aufgrund der Lastprofilcharakteristiken nicht erreicht werden.;c:\Users\mgr\battery-dashboard-v3\Alloheim_overview\data\18859_3302 Alloheim Senioren-Residenz Grasleben.xlsx
83169;"3306 Alloheim Senioren-Residenz ""Wiesmoor""";18.49;100;47.28;14.280.000.000.000.000;33.0;610.17;3.914.134.277.608.610;12.141.342.776.086.100;27.0;49.922.999.999.999.900;⚠️ Warnung: Das volle Potenzial der Batterie konnte aufgrund der Lastprofilcharakteristiken nicht erreicht werden.;⚠️ Warnung: Das volle Potenzial der Batterie konnte aufgrund der Lastprofilcharakteristiken nicht erreicht werden.;c:\Users\mgr\battery-dashboard-v3\Alloheim_overview\data\18859_3306 Alloheim Senioren-Residenz _Wiesmoor_.xlsx
82960;"3307 Alloheim Senioren-Residenz ""Am Park""";54.77;0;48.852;17.851.999.999.999.900;31.0;16.978.700.000.000.000;48.852;17.851.999.999.999.900;31.0;16.978.700.000.000.000;⚠️ Warnung: Das volle Potenzial der Batterie konnte aufgrund der Lastprofilcharakteristiken nicht erreicht werden.;⚠️ Warnung: Das volle Potenzial der Batterie konnte aufgrund der Lastprofilcharakteristiken nicht erreicht werden.;c:\Users\mgr\battery-dashboard-v3\Alloheim_overview\data\18859_3307 Alloheim Senioren-Residenz _Am Park_.xlsx
83164;"3308 Alloheim Senioren-Residenz ""Im Pieper Quartier""";18.49;250;76.7;25.700.000.000.000.000;51.0;9.429.899.999.999.990;6.198.293.632.817.910;16.982.936.328.179.100;45.0;832.05;⚠️ Warnung: Das volle Potenzial der Batterie konnte aufgrund der Lastprofilcharakteristiken nicht erreicht werden.;⚠️ Warnung: Das volle Potenzial der Batterie konnte aufgrund der Lastprofilcharakteristiken nicht erreicht werden.;c:\Users\mgr\battery-dashboard-v3\Alloheim_overview\data\18859_3308 Alloheim Senioren-Residenz _Im Pieper Quartier_.xlsx
82917;"3311 Alloheim Senioren-Residenz ""Salzweg""";157.29;126;46.4;22.4;24.0;3774.96;4.636.179.467.058.820;20.361.794.670.588.200;26.0;4089.54;⚠️ Warnung: Das volle Potenzial der Batterie konnte aufgrund der Lastprofilcharakteristiken nicht erreicht werden.;⚠️ Warnung: Das volle Potenzial der Batterie konnte aufgrund der Lastprofilcharakteristiken nicht erreicht werden.;c:\Users\mgr\battery-dashboard-v3\Alloheim_overview\data\18859_3311 Alloheim Senioren-Residenz _Salzweg_.xlsx
82907;3312 Alloheim Senioren-Residenz „Theresiahaus“;126.27;190;40.272;8.271.999.999.999.990;32.0;4040.64;4.026.776.872.637.300;52.677.687.263.730.700;35.0;4419.45;⚠️ Warnung: Das volle Potenzial der Batterie konnte aufgrund der Lastprofilcharakteristiken nicht erreicht werden.;⚠️ Warnung: Das volle Potenzial der Batterie konnte aufgrund der Lastprofilcharakteristiken nicht erreicht werden.;c:\Users\mgr\battery-dashboard-v3\Alloheim_overview\data\18859_3312 Alloheim Senioren-Residenz „Theresiahaus“.xlsx
83195;3313 Alloheim Senioren-Residenz „Sythen am See“;247.03;225;78.0;24.0;54.0;13339.62;7.797.501.151.568.970;19.975.011.515.689.700;58.0;14327.74;⚠️ Warnung: Das volle Potenzial der Batterie konnte aufgrund der Lastprofilcharakteristiken nicht erreicht werden.;⚠️ Warnung: Das volle Potenzial der Batterie konnte aufgrund der Lastprofilcharakteristiken nicht erreicht werden.;c:\Users\mgr\battery-dashboard-v3\Alloheim_overview\data\18859_3313 Alloheim Senioren-Residenz „Sythen am See“.xlsx
85209;"3414 Alloheim Senioren-Residenz ""Ibbenbüren""";0.0;300;104.0;50.0;54.0;0.0;10.287.855.142.235.200;4.387.855.142.235.280;59.0;0.0;⚠️ Warnung: Das volle Potenzial der Batterie konnte aufgrund der Lastprofilcharakteristiken nicht erreicht werden.;⚠️ Warnung: Das volle Potenzial der Batterie konnte aufgrund der Lastprofilcharakteristiken nicht erreicht werden.;c:\Users\mgr\battery-dashboard-v3\Alloheim_overview\data\18859_3414 Alloheim Senioren-Residenz _Ibbenbüren_.xlsx
83219;"3426 Alloheim Senioren-Residenz ""Leonardis""";188.91;129;59.24;35.24;24.0;4533.84;5.802.498.459.836.400;3.202.498.459.836.400;26.0;4911.66;⚠️ Warnung: Das volle Potenzial der Batterie konnte aufgrund der Lastprofilcharakteristiken nicht erreicht werden.;⚠️ Warnung: Das volle Potenzial der Batterie konnte aufgrund der Lastprofilcharakteristiken nicht erreicht werden.;c:\Users\mgr\battery-dashboard-v3\Alloheim_overview\data\18859_3426 Alloheim Senioren-Residenz _Leonardis_.xlsx
82885;"3428 Seniorenzentrum ""in den Dämmen""";225.26;175;46.4;17.4;29.0;6532.54;3.807.757.156.758.610;14.077.571.567.586.100;24.0;5406.24;⚠️ Warnung: Das volle Potenzial der Batterie konnte aufgrund der Lastprofilcharakteristiken nicht erreicht werden.;⚠️ Warnung: Das volle Potenzial der Batterie konnte aufgrund der Lastprofilcharakteristiken nicht erreicht werden.;c:\Users\mgr\battery-dashboard-v3\Alloheim_overview\data\18859_3428 Seniorenzentrum _in den Dämmen_.xlsx
82883;3430 Alloheim Senioren-Residenz „Sankt Nikolaus“;157.29;145;48.104;21.104;27.0;4246.83;47.469.416.943.865.800;18.469.416.943.865.800;29.0;4561.41;⚠️ Warnung: Das volle Potenzial der Batterie konnte aufgrund der Lastprofilcharakteristiken nicht erreicht werden.;⚠️ Warnung: Das volle Potenzial der Batterie konnte aufgrund der Lastprofilcharakteristiken nicht erreicht werden.;c:\Users\mgr\battery-dashboard-v3\Alloheim_overview\data\18859_3430 Alloheim Senioren-Residenz „Sankt Nikolaus“.xlsx
83028;3431 Alloheim Senioren-Residenz „Taunusblick“;168.33;10;63.18;26.18;37.0;6228.21;63.179.554.730.930.100;26.179.554.730.930.100;37.0;6228.21;⚠️ Warnung: Das volle Potenzial der Batterie konnte aufgrund der Lastprofilcharakteristiken nicht erreicht werden.;⚠️ Warnung: Das volle Potenzial der Batterie konnte aufgrund der Lastprofilcharakteristiken nicht erreicht werden.;c:\Users\mgr\battery-dashboard-v3\Alloheim_overview\data\18859_3431 Alloheim Senioren-Residenz „Taunusblick“.xlsx
82841;3433 Senioren-Residenz Am Quellenbusch;19.49;170;70.0;17.0;53.0;1032.97;6.905.291.690.347.160;14.052.916.903.471.600;55.0;10.719.499.999.999.900;⚠️ Warnung: Das volle Potenzial der Batterie konnte aufgrund der Lastprofilcharakteristiken nicht erreicht werden.;⚠️ Warnung: Das volle Potenzial der Batterie konnte aufgrund der Lastprofilcharakteristiken nicht erreicht werden.;c:\Users\mgr\battery-dashboard-v3\Alloheim_overview\data\18859_3433 Senioren-Residenz Am Quellenbusch.xlsx
82852;3434 Seniorenhaus WALDPARK;22.71;193;62.4;22.4;40.0;9.084.000.000.000.000;54.922.095.999.483.200;16.922.095.999.483.200;38.0;862.98;⚠️ Warnung: Das volle Potenzial der Batterie konnte aufgrund der Lastprofilcharakteristiken nicht erreicht werden.;⚠️ Warnung: Das volle Potenzial der Batterie konnte aufgrund der Lastprofilcharakteristiken nicht erreicht werden.;c:\Users\mgr\battery-dashboard-v3\Alloheim_overview\data\18859_3434 Seniorenhaus WALDPARK.xlsx
82876;3437 Klosterresidenz Maria Hilf;78.46;287;109.48;38.480.000.000.000.000;71.0;5570.66;10.151.459.889.112.000;30.514.598.891.120.900;71.0;5570.66;⚠️ Warnung: Das volle Potenzial der Batterie konnte aufgrund der Lastprofilcharakteristiken nicht erreicht werden.;⚠️ Warnung: Das volle Potenzial der Batterie konnte aufgrund der Lastprofilcharakteristiken nicht erreicht werden.;c:\Users\mgr\battery-dashboard-v3\Alloheim_overview\data\18859_3437 Klosterresidenz Maria Hilf.xlsx
82845;3438 Haus am Oelber Bach ;167.77;0;7.992;7.992;0.0;0.0;7.992;7.992;0.0;0.0;⚠️ Warnung: Das volle Potenzial der Batterie konnte aufgrund der Lastprofilcharakteristiken nicht erreicht werden.;⚠️ Warnung: Das volle Potenzial der Batterie konnte aufgrund der Lastprofilcharakteristiken nicht erreicht werden.;c:\Users\mgr\battery-dashboard-v3\Alloheim_overview\data\18859_3438 Haus am Oelber Bach .xlsx
82826;3439 Seniorenzentrum Neiletal;32.58;0;74.976;21.976;53.0;1726.74;74.976;21.976;53.0;1726.74;⚠️ Warnung: Das volle Potenzial der Batterie konnte aufgrund der Lastprofilcharakteristiken nicht erreicht werden.;⚠️ Warnung: Das volle Potenzial der Batterie konnte aufgrund der Lastprofilcharakteristiken nicht erreicht werden.;c:\Users\mgr\battery-dashboard-v3\Alloheim_overview\data\18859_3439 Seniorenzentrum Neiletal.xlsx
83018;3441 Seniorenhaus Neue Caroline;22.71;190;70.04;20.040.000.000.000.000;50.0;1135.5;7.001.357.119.873.000;1.701.357.119.873.000;53.0;1203.63;⚠️ Warnung: Das volle Potenzial der Batterie konnte aufgrund der Lastprofilcharakteristiken nicht erreicht werden.;⚠️ Warnung: Das volle Potenzial der Batterie konnte aufgrund der Lastprofilcharakteristiken nicht erreicht werden.;c:\Users\mgr\battery-dashboard-v3\Alloheim_overview\data\18859_3441 Seniorenhaus Neue Caroline.xlsx
83179;3459 Elisabeth Alten- und Pflegeheim der Freimaurer;35.65;250;25.6;15.600.000.000.000.000;10.0;356.5;25.289.980.057.592.600;12.289.980.057.592.600;13.0;463.45;⚠️ Warnung: Das volle Potenzial der Batterie konnte aufgrund der Lastprofilcharakteristiken nicht erreicht werden.;⚠️ Warnung: Das volle Potenzial der Batterie konnte aufgrund der Lastprofilcharakteristiken nicht erreicht werden.;c:\Users\mgr\battery-dashboard-v3\Alloheim_overview\data\18859_3459 Elisabeth Alten- und Pflegeheim der Freimaurer.xlsx
85030;"3461 Alloheim Senioren-Residenz ""Hövel""";28.49;170;23.4;5.399.999.999.999.990;18.0;5.128.199.999.999.990;18.643.822.130.367.900;16.438.221.303.679.600;17.0;484.33;⚠️ Warnung: Das volle Potenzial der Batterie konnte aufgrund der Lastprofilcharakteristiken nicht erreicht werden.;⚠️ Warnung: Das volle Potenzial der Batterie konnte aufgrund der Lastprofilcharakteristiken nicht erreicht werden.;c:\Users\mgr\battery-dashboard-v3\Alloheim_overview\data\18859_3461 Alloheim Senioren-Residenz _Hövel_.xlsx
82799;3463 Alloheim Senioren-Residenz Bockum;28.49;162;140.956;5.995.599.999.999.990;81.0;2307.69;12.291.765.499.782.600;5.491.765.499.782.670;68.0;1937.32;⚠️ Warnung: Das volle Potenzial der Batterie konnte aufgrund der Lastprofilcharakteristiken nicht erreicht werden.;⚠️ Warnung: Das volle Potenzial der Batterie konnte aufgrund der Lastprofilcharakteristiken nicht erreicht werden.;c:\Users\mgr\battery-dashboard-v3\Alloheim_overview\data\18859_3463 Alloheim Senioren-Residenz Bockum.xlsx
82805;3465 Alloheim Senioren-Residenz Weingarten;110.89;60;33.18;13.18;20.0;2217.8;30.339.492.303.557.100;12.339.492.303.557.100;18.0;1996.02;⚠️ Warnung: Das volle Potenzial der Batterie konnte aufgrund der Lastprofilcharakteristiken nicht erreicht werden.;⚠️ Warnung: Das volle Potenzial der Batterie konnte aufgrund der Lastprofilcharakteristiken nicht erreicht werden.;c:\Users\mgr\battery-dashboard-v3\Alloheim_overview\data\18859_3465 Alloheim Senioren-Residenz Weingarten.xlsx
82932;3466 Alloheim Senioren-Residenz Stiftstraße;110.89;162;73.968;26.968.000.000.000.000;47.0;5211.83;6.905.955.603.197.340;23.059.556.031.973.400;46.0;5100.94;⚠️ Warnung: Das volle Potenzial der Batterie konnte aufgrund der Lastprofilcharakteristiken nicht erreicht werden.;⚠️ Warnung: Das volle Potenzial der Batterie konnte aufgrund der Lastprofilcharakteristiken nicht erreicht werden.;c:\Users\mgr\battery-dashboard-v3\Alloheim_overview\data\18859_3466 Alloheim Senioren-Residenz Stiftstraße.xlsx
85208;"3484 Alloheim Senioren-Residenzen ""Dorotheenhof""";23.32;0;71.78;35.78;36.0;839.52;71.78;35.78;36.0;839.52;⚠️ Warnung: Das volle Potenzial der Batterie konnte aufgrund der Lastprofilcharakteristiken nicht erreicht werden.;⚠️ Warnung: Das volle Potenzial der Batterie konnte aufgrund der Lastprofilcharakteristiken nicht erreicht werden.;c:\Users\mgr\battery-dashboard-v3\Alloheim_overview\data\18859_3484 Alloheim Senioren-Residenzen _Dorotheenhof_.xlsx
84895;"3489 Alloheim Senioren-Residenz ""Bottrop Christopherus""";17.03;100;116.58;23.58;93.0;15.837.900.000.000.000;10.486.375.509.827.800;2.086.375.509.827.830;84.0;1430.52;⚠️ Warnung: Das volle Potenzial der Batterie konnte aufgrund der Lastprofilcharakteristiken nicht erreicht werden.;⚠️ Warnung: Das volle Potenzial der Batterie konnte aufgrund der Lastprofilcharakteristiken nicht erreicht werden.;c:\Users\mgr\battery-dashboard-v3\Alloheim_overview\data\18859_3489 Alloheim Senioren-Residenz _Bottrop Christopherus_.xlsx
83157;"3773 Seniorenzentrum ""Birkenfeld""";78.46;0;91.2;41.2;50.0;39.229.999.999.999.900;91.2;41.2;50.0;39.229.999.999.999.900;⚠️ Warnung: Das volle Potenzial der Batterie konnte aufgrund der Lastprofilcharakteristiken nicht erreicht werden.;⚠️ Warnung: Das volle Potenzial der Batterie konnte aufgrund der Lastprofilcharakteristiken nicht erreicht werden.;c:\Users\mgr\battery-dashboard-v3\Alloheim_overview\data\18859_3773 Seniorenzentrum _Birkenfeld_.xlsx
82863;"3774 Senterra Pflegezentrum ""Chemnitz""";148.61;0;82.9;33.900.000.000.000.000;49.0;7281.89;82.9;33.900.000.000.000.000;49.0;7281.89;⚠️ Warnung: Das volle Potenzial der Batterie konnte aufgrund der Lastprofilcharakteristiken nicht erreicht werden.;⚠️ Warnung: Das volle Potenzial der Batterie konnte aufgrund der Lastprofilcharakteristiken nicht erreicht werden.;c:\Users\mgr\battery-dashboard-v3\Alloheim_overview\data\18859_3774 Senterra Pflegezentrum _Chemnitz_.xlsx
83141;"3775 Pflegeresidenz ""Heilbronn""";213.05;67;79.752;31.751.999.999.999.900;48.0;10.226.400.000.000.000;7.464.591.085.805.140;2.964.591.085.805.140;45.0;9587.25;⚠️ Warnung: Das volle Potenzial der Batterie konnte aufgrund der Lastprofilcharakteristiken nicht erreicht werden.;⚠️ Warnung: Das volle Potenzial der Batterie konnte aufgrund der Lastprofilcharakteristiken nicht erreicht werden.;c:\Users\mgr\battery-dashboard-v3\Alloheim_overview\data\18859_3775 Pflegeresidenz _Heilbronn_.xlsx
82953;3776 Senterra Pflegezentrum Markt Indersdorf;157.29;0;88.3;36.3;52.0;8179.08;88.3;36.3;52.0;8179.08;⚠️ Warnung: Das volle Potenzial der Batterie konnte aufgrund der Lastprofilcharakteristiken nicht erreicht werden.;⚠️ Warnung: Das volle Potenzial der Batterie konnte aufgrund der Lastprofilcharakteristiken nicht erreicht werden.;c:\Users\mgr\battery-dashboard-v3\Alloheim_overview\data\18859_3776 Senterra Pflegezentrum Markt Indersdorf.xlsx
82897;3780 Altenzentrum „Lindenhof“;78.46;115;71.9;26.900.000.000.000.000;45.0;3530.7;6.405.592.295.590.370;2.405.592.295.590.370;40.0;31.383.999.999.999.900;⚠️ Warnung: Das volle Potenzial der Batterie konnte aufgrund der Lastprofilcharakteristiken nicht erreicht werden.;⚠️ Warnung: Das volle Potenzial der Batterie konnte aufgrund der Lastprofilcharakteristiken nicht erreicht werden.;c:\Users\mgr\battery-dashboard-v3\Alloheim_overview\data\18859_3780 Altenzentrum „Lindenhof“.xlsx
83015;"4401 Seniorenzentrum ""Althen""";95.29;387;16.6;16.6;0.0;0.0;1.343.131.608.356.000;1.343.131.608.356.000;0.0;0.0;⚠️ Warnung: Das volle Potenzial der Batterie konnte aufgrund der Lastprofilcharakteristiken nicht erreicht werden.;⚠️ Warnung: Das volle Potenzial der Batterie konnte aufgrund der Lastprofilcharakteristiken nicht erreicht werden.;c:\Users\mgr\battery-dashboard-v3\Alloheim_overview\data\18859_4401 Seniorenzentrum _Althen_.xlsx
83012;"4403 Seniorenzentrum ""Turmhotel""";172.88;0;66.6;29.599.999.999.999.900;37.0;63.965.599.999.999.900;66.6;29.599.999.999.999.900;37.0;63.965.599.999.999.900;⚠️ Warnung: Das volle Potenzial der Batterie konnte aufgrund der Lastprofilcharakteristiken nicht erreicht werden.;⚠️ Warnung: Das volle Potenzial der Batterie konnte aufgrund der Lastprofilcharakteristiken nicht erreicht werden.;c:\Users\mgr\battery-dashboard-v3\Alloheim_overview\data\18859_4403 Seniorenzentrum _Turmhotel_.xlsx
83622;"4404 Seniorenzentrum ""Ederbergland"" ";98.42;300;105.6;54.599.999.999.999.900;51.0;5019.42;9.806.337.005.344.550;4.406.337.005.344.550;54.0;5314.68;⚠️ Warnung: Das volle Potenzial der Batterie konnte aufgrund der Lastprofilcharakteristiken nicht erreicht werden.;⚠️ Warnung: Das volle Potenzial der Batterie konnte aufgrund der Lastprofilcharakteristiken nicht erreicht werden.;c:\Users\mgr\battery-dashboard-v3\Alloheim_overview\data\18859_4404 Seniorenzentrum _Ederbergland_ .xlsx
82892;"4405 Seniorenzentrum ""Storchenpark"" Altenpflege ";133.21;387;27.44;14.440.000.000.000.000;13.0;1731.73;23.300.658.729.356.100;8.300.658.729.356.180;15.0;1998.15;⚠️ Warnung: Das volle Potenzial der Batterie konnte aufgrund der Lastprofilcharakteristiken nicht erreicht werden.;⚠️ Warnung: Das volle Potenzial der Batterie konnte aufgrund der Lastprofilcharakteristiken nicht erreicht werden.;c:\Users\mgr\battery-dashboard-v3\Alloheim_overview\data\18859_4405 Seniorenzentrum _Storchenpark_ Altenpflege .xlsx
82954;"4409 Seniorenzentrum ""Lustgarten""";158.83;87;70.3;37.3;33.0;5241.39;6.239.767.487.783.260;2.939.767.487.783.260;33.0;5241.39;⚠️ Warnung: Das volle Potenzial der Batterie konnte aufgrund der Lastprofilcharakteristiken nicht erreicht werden.;⚠️ Warnung: Das volle Potenzial der Batterie konnte aufgrund der Lastprofilcharakteristiken nicht erreicht werden.;c:\Users\mgr\battery-dashboard-v3\Alloheim_overview\data\18859_4409 Seniorenzentrum _Lustgarten_.xlsx
82830;"4410 Seniorenzentrum ""Mainbrücke""";157.29;120;79.2;31.200.000.000.000.000;48.0;7549.92;7.039.668.851.865.060;2.739.668.851.865.060;43.0;6.763.469.999.999.990;⚠️ Warnung: Das volle Potenzial der Batterie konnte aufgrund der Lastprofilcharakteristiken nicht erreicht werden.;⚠️ Warnung: Das volle Potenzial der Batterie konnte aufgrund der Lastprofilcharakteristiken nicht erreicht werden.;c:\Users\mgr\battery-dashboard-v3\Alloheim_overview\data\18859_4410 Seniorenzentrum _Mainbrücke_.xlsx
83155;"4411 Seniorenzentrum ""Löwenquell"" Altenpflege";177.55;85;86.0;34.0;52.0;9232.6;7.976.169.517.860.830;31.761.695.178.608.300;48.0;8.522.400.000.000.000;⚠️ Warnung: Das volle Potenzial der Batterie konnte aufgrund der Lastprofilcharakteristiken nicht erreicht werden.;⚠️ Warnung: Das volle Potenzial der Batterie konnte aufgrund der Lastprofilcharakteristiken nicht erreicht werden.;c:\Users\mgr\battery-dashboard-v3\Alloheim_overview\data\18859_4411 Seniorenzentrum _Löwenquell_ Altenpflege.xlsx
83024;"4412 Seniorenzentrum ""Goldborn""";168.33;130;62.82;28.82;34.0;5723.22;5.733.532.692.061.390;25.335.326.920.613.900;32.0;5386.56;⚠️ Warnung: Das volle Potenzial der Batterie konnte aufgrund der Lastprofilcharakteristiken nicht erreicht werden.;⚠️ Warnung: Das volle Potenzial der Batterie konnte aufgrund der Lastprofilcharakteristiken nicht erreicht werden.;c:\Users\mgr\battery-dashboard-v3\Alloheim_overview\data\18859_4412 Seniorenzentrum _Goldborn_.xlsx
83163;"4413 Seniorenzentrum ""Bergstraße""";124.05;120;75.232;35.232;40.0;4962.0;7.173.419.358.394.720;31.734.193.583.947.200;40.0;4962.0;⚠️ Warnung: Das volle Potenzial der Batterie konnte aufgrund der Lastprofilcharakteristiken nicht erreicht werden.;⚠️ Warnung: Das volle Potenzial der Batterie konnte aufgrund der Lastprofilcharakteristiken nicht erreicht werden.;c:\Users\mgr\battery-dashboard-v3\Alloheim_overview\data\18859_4413 Seniorenzentrum _Bergstraße_.xlsx
82825;"4420 Seniorenzentrum ""Bernardus""";143.11;100;64.42;27.42;37.0;5.295.070.000.000.000;58.724.367.580.410.300;24.724.367.580.410.300;34.0;4.865.740.000.000.000;⚠️ Warnung: Das volle Potenzial der Batterie konnte aufgrund der Lastprofilcharakteristiken nicht erreicht werden.;⚠️ Warnung: Das volle Potenzial der Batterie konnte aufgrund der Lastprofilcharakteristiken nicht erreicht werden.;c:\Users\mgr\battery-dashboard-v3\Alloheim_overview\data\18859_4420 Seniorenzentrum _Bernardus_.xlsx
83017;5002 Holzwickede Atriumhaus;22.71;0;4.476;4.476;0.0;0.0;4.476;4.476;0.0;0.0;⚠️ Warnung: Das volle Potenzial der Batterie konnte aufgrund der Lastprofilcharakteristiken nicht erreicht werden.;⚠️ Warnung: Das volle Potenzial der Batterie konnte aufgrund der Lastprofilcharakteristiken nicht erreicht werden.;c:\Users\mgr\battery-dashboard-v3\Alloheim_overview\data\18859_5002 Holzwickede Atriumhaus.xlsx
83168;7030 Haus Tongern;18.49;200;59.88;20.880.000.000.000.000;39.0;7.211.099.999.999.990;57.307.211.404.665.500;11.307.211.404.665.500;46.0;850.54;⚠️ Warnung: Das volle Potenzial der Batterie konnte aufgrund der Lastprofilcharakteristiken nicht erreicht werden.;⚠️ Warnung: Das volle Potenzial der Batterie konnte aufgrund der Lastprofilcharakteristiken nicht erreicht werden.;c:\Users\mgr\battery-dashboard-v3\Alloheim_overview\data\18859_7030 Haus Tongern.xlsx
82908;7101 Wohnstift auf der Kronenburg;1.341.683.333;333;294.2;204.2;90.0;12.075.149.997;27.895.802.938.974.400;19.191.507.505.753.700;870.429.543.322.071;1.167.840.810.826.020;⚠️ Warnung: Das volle Potenzial der Batterie konnte aufgrund der Lastprofilcharakteristiken nicht erreicht werden.;⚠️ Warnung: Das volle Potenzial der Batterie konnte aufgrund der Lastprofilcharakteristiken nicht erreicht werden.;c:\Users\mgr\battery-dashboard-v3\Alloheim_overview\data\18859_7101 Wohnstift auf der Kronenburg.xlsx
82901;7102 Seniorenzentrum Am Volksgarten;29.71;400;30.3;17.3;13.0;386.23;26.815.447.093.497.900;12.815.447.093.497.900;14.0;415.94;⚠️ Warnung: Das volle Potenzial der Batterie konnte aufgrund der Lastprofilcharakteristiken nicht erreicht werden.;⚠️ Warnung: Das volle Potenzial der Batterie konnte aufgrund der Lastprofilcharakteristiken nicht erreicht werden.;c:\Users\mgr\battery-dashboard-v3\Alloheim_overview\data\18859_7102 Seniorenzentrum Am Volksgarten.xlsx
82935;7103 Pflegezentrum Am Westfalentor;122.46;50;60.0;29.0;31.0;37.962.599.999.999.900;5.487.838.628.712.890;2.687.838.628.712.890;28.0;34.288.799.999.999.900;⚠️ Warnung: Das volle Potenzial der Batterie konnte aufgrund der Lastprofilcharakteristiken nicht erreicht werden.;⚠️ Warnung: Das volle Potenzial der Batterie konnte aufgrund der Lastprofilcharakteristiken nicht erreicht werden.;c:\Users\mgr\battery-dashboard-v3\Alloheim_overview\data\18859_7103 Pflegezentrum Am Westfalentor.xlsx
82846;7104 Seniorenzentrum Im Kaiserviertel;122.46;100;59.3;34.3;25.0;3061.5;55.296.262.709.621.200;32.296.262.709.621.200;23.0;2816.58;⚠️ Warnung: Das volle Potenzial der Batterie konnte aufgrund der Lastprofilcharakteristiken nicht erreicht werden.;⚠️ Warnung: Das volle Potenzial der Batterie konnte aufgrund der Lastprofilcharakteristiken nicht erreicht werden.;c:\Users\mgr\battery-dashboard-v3\Alloheim_overview\data\18859_7104 Seniorenzentrum Im Kaiserviertel.xlsx
82868;7105 Seniorenresidenz Am Kurpark;145.24;137;34.96;22.96;12.0;1742.88;3.209.423.882.207.910;2.009.423.882.207.910;12.0;1742.88;⚠️ Warnung: Das volle Potenzial der Batterie konnte aufgrund der Lastprofilcharakteristiken nicht erreicht werden.;⚠️ Warnung: Das volle Potenzial der Batterie konnte aufgrund der Lastprofilcharakteristiken nicht erreicht werden.;c:\Users\mgr\battery-dashboard-v3\Alloheim_overview\data\18859_7105 Seniorenresidenz Am Kurpark.xlsx
83159;7106 Haus am Stadtpark;143.3;260;68.84;39.84;29.0;4.155.700.000.000.000;6.812.445.093.662.570;3.412.445.093.662.570;34.0;4.872.200.000.000.000;⚠️ Warnung: Das volle Potenzial der Batterie konnte aufgrund der Lastprofilcharakteristiken nicht erreicht werden.;⚠️ Warnung: Das volle Potenzial der Batterie konnte aufgrund der Lastprofilcharakteristiken nicht erreicht werden.;c:\Users\mgr\battery-dashboard-v3\Alloheim_overview\data\18859_7106 Haus am Stadtpark.xlsx
82866;7109 Residenz Osterfeld;51.99;150;51.92;25.92;26.0;1351.74;5.026.643.943.113.300;2.226.643.943.113.300;28.0;1455.72;⚠️ Warnung: Das volle Potenzial der Batterie konnte aufgrund der Lastprofilcharakteristiken nicht erreicht werden.;⚠️ Warnung: Das volle Potenzial der Batterie konnte aufgrund der Lastprofilcharakteristiken nicht erreicht werden.;c:\Users\mgr\battery-dashboard-v3\Alloheim_overview\data\18859_7109 Residenz Osterfeld.xlsx
82891;7110 Seniorenzentrum Beckinghausen;51.99;140;66.72;24.72;42.0;2183.58;6.304.619.206.405.100;2.104.619.206.405.100;42.0;2183.58;⚠️ Warnung: Das volle Potenzial der Batterie konnte aufgrund der Lastprofilcharakteristiken nicht erreicht werden.;⚠️ Warnung: Das volle Potenzial der Batterie konnte aufgrund der Lastprofilcharakteristiken nicht erreicht werden.;c:\Users\mgr\battery-dashboard-v3\Alloheim_overview\data\18859_7110 Seniorenzentrum Beckinghausen.xlsx
82802;7112 Seniorenresidenz Schanze;168.05;140;59.96;25.96;34.0;5.713.700.000.000.000;50.659.365.852.817.500;22.659.365.852.817.500;28.0;4.705.400.000.000.000;⚠️ Warnung: Das volle Potenzial der Batterie konnte aufgrund der Lastprofilcharakteristiken nicht erreicht werden.;⚠️ Warnung: Das volle Potenzial der Batterie konnte aufgrund der Lastprofilcharakteristiken nicht erreicht werden.;c:\Users\mgr\battery-dashboard-v3\Alloheim_overview\data\18859_7112 Seniorenresidenz Schanze.xlsx
83240;7113 Seniorenzentrum Kardinal-Galen-Ring;123.83;140;52.48;20.479.999.999.999.900;32.0;3962.56;4.399.588.402.456.260;1.799.588.402.456.260;26.0;3219.58;⚠️ Warnung: Das volle Potenzial der Batterie konnte aufgrund der Lastprofilcharakteristiken nicht erreicht werden.;⚠️ Warnung: Das volle Potenzial der Batterie konnte aufgrund der Lastprofilcharakteristiken nicht erreicht werden.;c:\Users\mgr\battery-dashboard-v3\Alloheim_overview\data\18859_7113 Seniorenzentrum Kardinal-Galen-Ring.xlsx
85450;"7114 Seniorenzentrum ""Am Theater"" ";0.0;130;58.1;32.1;26.0;0.0;5.503.328.976.266.000;2.803.328.976.266.000;27.0;0.0;⚠️ Warnung: Das volle Potenzial der Batterie konnte aufgrund der Lastprofilcharakteristiken nicht erreicht werden.;⚠️ Warnung: Das volle Potenzial der Batterie konnte aufgrund der Lastprofilcharakteristiken nicht erreicht werden.;c:\Users\mgr\battery-dashboard-v3\Alloheim_overview\data\18859_7114 Seniorenzentrum _Am Theater_ .xlsx
83406;7115 Residenz Aaseehof;158.76;142;23.312;6.312.000.000.000.000;17.0;2698.92;2.027.557.226.631.800;4.275.572.266.318.070;16.0;2540.16;⚠️ Warnung: Das volle Potenzial der Batterie konnte aufgrund der Lastprofilcharakteristiken nicht erreicht werden.;⚠️ Warnung: Das volle Potenzial der Batterie konnte aufgrund der Lastprofilcharakteristiken nicht erreicht werden.;c:\Users\mgr\battery-dashboard-v3\Alloheim_overview\data\18859_7115 Residenz Aaseehof.xlsx
83173;7117 Seniorenwohnen an der Emspromenade;138.25;160;48.8;21.799.999.999.999.900;27.0;3732.75;3.532.144.440.206.130;1.932.144.440.206.130;16.0;2212.0;⚠️ Warnung: Das volle Potenzial der Batterie konnte aufgrund der Lastprofilcharakteristiken nicht erreicht werden.;⚠️ Warnung: Das volle Potenzial der Batterie konnte aufgrund der Lastprofilcharakteristiken nicht erreicht werden.;c:\Users\mgr\battery-dashboard-v3\Alloheim_overview\data\18859_7117 Seniorenwohnen an der Emspromenade.xlsx
82882;7118 Haus Veybach;78.46;437;71.84;28.840.000.000.000.000;43.0;33.737.799.999.999.900;577.472.449.904.351;217.472.449.904.351;36.0;2824.56;⚠️ Warnung: Das volle Potenzial der Batterie konnte aufgrund der Lastprofilcharakteristiken nicht erreicht werden.;⚠️ Warnung: Das volle Potenzial der Batterie konnte aufgrund der Lastprofilcharakteristiken nicht erreicht werden.;c:\Users\mgr\battery-dashboard-v3\Alloheim_overview\data\18859_7118 Haus Veybach.xlsx
82813;"7120 Alloheim Senioren-Residenz ""Haus Dottendorf""";123.87;112;157.2;5.719.999.999.999.990;100.0;12387.0;14.899.193.689.231.600;4.899.193.689.231.670;100.0;12387.0;;;c:\Users\mgr\battery-dashboard-v3\Alloheim_overview\data\18859_7120 Alloheim Senioren-Residenz _Haus Dottendorf_.xlsx
82851;7237 Haus am Holunderbusch in Kiel;188.67;312;63.548;32.548;31.0;58.487.699.999.999.900;5.618.888.395.153.310;2.718.888.395.153.310;29.0;5.471.429.999.999.990;⚠️ Warnung: Das volle Potenzial der Batterie konnte aufgrund der Lastprofilcharakteristiken nicht erreicht werden.;⚠️ Warnung: Das volle Potenzial der Batterie konnte aufgrund der Lastprofilcharakteristiken nicht erreicht werden.;c:\Users\mgr\battery-dashboard-v3\Alloheim_overview\data\18859_7237 Haus am Holunderbusch in Kiel.xlsx
82838;7238 Seniorenzentrum Pries;188.67;210;48.252;25.252.000.000.000.000;23.0;4339.41;416.215.152.642.014;206.215.152.642.014;21.0;39.620.699.999.999.900;⚠️ Warnung: Das volle Potenzial der Batterie konnte aufgrund der Lastprofilcharakteristiken nicht erreicht werden.;⚠️ Warnung: Das volle Potenzial der Batterie konnte aufgrund der Lastprofilcharakteristiken nicht erreicht werden.;c:\Users\mgr\battery-dashboard-v3\Alloheim_overview\data\18859_7238 Seniorenzentrum Pries.xlsx
85562;"7240 Alloheim Senioren-Residenz ""Haus Leck""";45.71;100;78.86;41.86;37.0;1691.27;758.969.066.226.226;39.896.906.622.622.500;36.0;1645.56;⚠️ Warnung: Das volle Potenzial der Batterie konnte aufgrund der Lastprofilcharakteristiken nicht erreicht werden.;⚠️ Warnung: Das volle Potenzial der Batterie konnte aufgrund der Lastprofilcharakteristiken nicht erreicht werden.;c:\Users\mgr\battery-dashboard-v3\Alloheim_overview\data\18859_7240 Alloheim Senioren-Residenz _Haus Leck_.xlsx
83150;7241 Pflegeheim Niebüll-Gath;169.33;230;95.344;34.343.999.999.999.900;61.0;10.329.130.000.000.000;7.968.638.606.296.150;2.968.638.606.296.150;50.0;8466.5;⚠️ Warnung: Das volle Potenzial der Batterie konnte aufgrund der Lastprofilcharakteristiken nicht erreicht werden.;⚠️ Warnung: Das volle Potenzial der Batterie konnte aufgrund der Lastprofilcharakteristiken nicht erreicht werden.;c:\Users\mgr\battery-dashboard-v3\Alloheim_overview\data\18859_7241 Pflegeheim Niebüll-Gath.xlsx
82887;7245 Schwarzenbek Alte Oberförst.;65.07;337;54.52;19.520.000.000.000.000;35.0;2277.45;54.513.996.621.260.600;13.513.996.621.260.600;41.0;2667.87;⚠️ Warnung: Das volle Potenzial der Batterie konnte aufgrund der Lastprofilcharakteristiken nicht erreicht werden.;⚠️ Warnung: Das volle Potenzial der Batterie konnte aufgrund der Lastprofilcharakteristiken nicht erreicht werden.;c:\Users\mgr\battery-dashboard-v3\Alloheim_overview\data\18859_7245 Schwarzenbek Alte Oberförst..xlsx
83181;7247 Senioren-Residenz Waldersee;141.51;237;57.08;8.079.999.999.999.990;49.0;6933.99;3.542.994.107.098.390;5.429.941.070.983.950;30.0;4.245.299.999.999.990;⚠️ Warnung: Das volle Potenzial der Batterie konnte aufgrund der Lastprofilcharakteristiken nicht erreicht werden.;⚠️ Warnung: Das volle Potenzial der Batterie konnte aufgrund der Lastprofilcharakteristiken nicht erreicht werden.;c:\Users\mgr\battery-dashboard-v3\Alloheim_overview\data\18859_7247 Senioren-Residenz Waldersee.xlsx
83182;7248 Seniorenzentrum Travemünde;141.51;281;68.04;31.040.000.000.000.000;37.0;5235.87;6.582.059.045.170.300;2.582.059.045.170.300;40.0;5660.4;⚠️ Warnung: Das volle Potenzial der Batterie konnte aufgrund der Lastprofilcharakteristiken nicht erreicht werden.;⚠️ Warnung: Das volle Potenzial der Batterie konnte aufgrund der Lastprofilcharakteristiken nicht erreicht werden.;c:\Users\mgr\battery-dashboard-v3\Alloheim_overview\data\18859_7248 Seniorenzentrum Travemünde.xlsx
83180;7249 Senioren-Residenz Am See;141.51;212;50.34;16.340.000.000.000.000;34.0;4811.34;3.883.169.045.365.130;12.831.690.453.651.300;26.0;36.792.599.999.999.900;⚠️ Warnung: Das volle Potenzial der Batterie konnte aufgrund der Lastprofilcharakteristiken nicht erreicht werden.;⚠️ Warnung: Das volle Potenzial der Batterie konnte aufgrund der Lastprofilcharakteristiken nicht erreicht werden.;c:\Users\mgr\battery-dashboard-v3\Alloheim_overview\data\18859_7249 Senioren-Residenz Am See.xlsx
82818;7250 Senioren-Residenz Godenblick ;65.07;180;108.0;44.0;64.0;4164.48;9.655.688.073.781.340;3.655.688.073.781.340;60.0;3904.2;⚠️ Warnung: Das volle Potenzial der Batterie konnte aufgrund der Lastprofilcharakteristiken nicht erreicht werden.;⚠️ Warnung: Das volle Potenzial der Batterie konnte aufgrund der Lastprofilcharakteristiken nicht erreicht werden.;c:\Users\mgr\battery-dashboard-v3\Alloheim_overview\data\18859_7250 Senioren-Residenz Godenblick .xlsx
82881;7252 Senioren-Residenz Auetalblick;212.06;125;40.024;16.024;24.0;50.894.400.000.000.000;4.002.121.626.735.070;1.202.121.626.735.070;28.0;5937.68;⚠️ Warnung: Das volle Potenzial der Batterie konnte aufgrund der Lastprofilcharakteristiken nicht erreicht werden.;⚠️ Warnung: Das volle Potenzial der Batterie konnte aufgrund der Lastprofilcharakteristiken nicht erreicht werden.;c:\Users\mgr\battery-dashboard-v3\Alloheim_overview\data\18859_7252 Senioren-Residenz Auetalblick.xlsx
82862;7253 Seniorenstift Laboe;212.06;110;56.572;27.572.000.000.000.000;29.0;6149.74;54.069.060.660.261.100;25.069.060.660.261.100;29.0;6149.74;⚠️ Warnung: Das volle Potenzial der Batterie konnte aufgrund der Lastprofilcharakteristiken nicht erreicht werden.;⚠️ Warnung: Das volle Potenzial der Batterie konnte aufgrund der Lastprofilcharakteristiken nicht erreicht werden.;c:\Users\mgr\battery-dashboard-v3\Alloheim_overview\data\18859_7253 Seniorenstift Laboe.xlsx
82950;7402 CMS Pflegewohnstift Bremer Weg;22.07;237;86.4;303.552.631.578.945;5.604.473.684.210.550;12.369.073.421.052.600;7.295.019.837.236.560;1.795.019.837.236.560;55.0;1213.85;⚠️ Warnung: Das volle Potenzial der Batterie konnte aufgrund der Lastprofilcharakteristiken nicht erreicht werden.;⚠️ Warnung: Das volle Potenzial der Batterie konnte aufgrund der Lastprofilcharakteristiken nicht erreicht werden.;c:\Users\mgr\battery-dashboard-v3\Alloheim_overview\data\18859_7402 CMS Pflegewohnstift Bremer Weg.xlsx
82912;7403 CMS Pflegewohnstift Domhof;123.87;190;87.88;3.756.631.578.947.390;5.031.368.421.052.600;6.232.356.063.157.860;8.555.931.074.593.930;26.559.310.745.939.300;59.0;7308.33;⚠️ Warnung: Das volle Potenzial der Batterie konnte aufgrund der Lastprofilcharakteristiken nicht erreicht werden.;⚠️ Warnung: Das volle Potenzial der Batterie konnte aufgrund der Lastprofilcharakteristiken nicht erreicht werden.;c:\Users\mgr\battery-dashboard-v3\Alloheim_overview\data\18859_7403 CMS Pflegewohnstift Domhof.xlsx
82921;7404 CMS Pflegewohnstift Franz-Guizettipark;22.07;250;79.4;30.400.000.000.000.000;49.0;1081.43;6.923.840.504.027.280;2.423.840.504.027.280;45.0;993.15;⚠️ Warnung: Das volle Potenzial der Batterie konnte aufgrund der Lastprofilcharakteristiken nicht erreicht werden.;⚠️ Warnung: Das volle Potenzial der Batterie konnte aufgrund der Lastprofilcharakteristiken nicht erreicht werden.;c:\Users\mgr\battery-dashboard-v3\Alloheim_overview\data\18859_7404 CMS Pflegewohnstift Franz-Guizettipark.xlsx
83664;7407 CMS Pflegewohnstift Laurensberg ;22.15;190;98.22;41.22;57.0;1262.55;9.345.222.345.430.030;3.545.222.345.430.030;58.0;12.846.999.999.999.900;⚠️ Warnung: Das volle Potenzial der Batterie konnte aufgrund der Lastprofilcharakteristiken nicht erreicht werden.;⚠️ Warnung: Das volle Potenzial der Batterie konnte aufgrund der Lastprofilcharakteristiken nicht erreicht werden.;c:\Users\mgr\battery-dashboard-v3\Alloheim_overview\data\18859_7407 CMS Pflegewohnstift Laurensberg .xlsx
82900;7409 CMS Pflegwohnstift Pattensen;167.77;237;74.6;28.599.999.999.999.900;46.0;7717.42;7.255.881.334.768.200;20.558.813.347.682.000;52.0;8724.04;⚠️ Warnung: Das volle Potenzial der Batterie konnte aufgrund der Lastprofilcharakteristiken nicht erreicht werden.;⚠️ Warnung: Das volle Potenzial der Batterie konnte aufgrund der Lastprofilcharakteristiken nicht erreicht werden.;c:\Users\mgr\battery-dashboard-v3\Alloheim_overview\data\18859_7409 CMS Pflegwohnstift Pattensen.xlsx
82849;7411 CMS Pflegwohnstift St. Pankratius;34.21;187;82.86;25.86;57.0;1949.97;7.657.480.574.698.410;21.574.805.746.984.100;55.0;1881.55;⚠️ Warnung: Das volle Potenzial der Batterie konnte aufgrund der Lastprofilcharakteristiken nicht erreicht werden.;⚠️ Warnung: Das volle Potenzial der Batterie konnte aufgrund der Lastprofilcharakteristiken nicht erreicht werden.;c:\Users\mgr\battery-dashboard-v3\Alloheim_overview\data\18859_7411 CMS Pflegwohnstift St. Pankratius.xlsx
83209;7431 CMS Seniorenresidenz Am Kurpark;55.83;0;60.8;29.799.999.999.999.900;31.0;1730.73;60.8;29.799.999.999.999.900;31.0;1730.73;⚠️ Warnung: Das volle Potenzial der Batterie konnte aufgrund der Lastprofilcharakteristiken nicht erreicht werden.;⚠️ Warnung: Das volle Potenzial der Batterie konnte aufgrund der Lastprofilcharakteristiken nicht erreicht werden.;c:\Users\mgr\battery-dashboard-v3\Alloheim_overview\data\18859_7431 CMS Seniorenresidenz Am Kurpark.xlsx
83666;7451 CMS Altenstift Limbach ;22.15;0;101.6;49.599.999.999.999.900;52.0;1151.8;101.6;49.599.999.999.999.900;52.0;1151.8;⚠️ Warnung: Das volle Potenzial der Batterie konnte aufgrund der Lastprofilcharakteristiken nicht erreicht werden.;⚠️ Warnung: Das volle Potenzial der Batterie konnte aufgrund der Lastprofilcharakteristiken nicht erreicht werden.;c:\Users\mgr\battery-dashboard-v3\Alloheim_overview\data\18859_7451 CMS Altenstift Limbach .xlsx
82904;7471 CMS Pflegewohnstift Wattenscheid;43.99;150;67.9;26.900.000.000.000.000;41.0;18.035.900.000.000.000;6.254.360.776.208.930;2.154.360.776.208.930;41.0;18.035.900.000.000.000;⚠️ Warnung: Das volle Potenzial der Batterie konnte aufgrund der Lastprofilcharakteristiken nicht erreicht werden.;⚠️ Warnung: Das volle Potenzial der Batterie konnte aufgrund der Lastprofilcharakteristiken nicht erreicht werden.;c:\Users\mgr\battery-dashboard-v3\Alloheim_overview\data\18859_7471 CMS Pflegewohnstift Wattenscheid.xlsx
83109;7481 CMS Pflegewohnstift Greven;16.23;250;78.42;30.42;48.0;779.04;5.536.620.429.694.430;11.366.204.296.944.300;44.0;714.12;⚠️ Warnung: Das volle Potenzial der Batterie konnte aufgrund der Lastprofilcharakteristiken nicht erreicht werden.;⚠️ Warnung: Das volle Potenzial der Batterie konnte aufgrund der Lastprofilcharakteristiken nicht erreicht werden.;c:\Users\mgr\battery-dashboard-v3\Alloheim_overview\data\18859_7481 CMS Pflegewohnstift Greven.xlsx
82889;7482 CMS Pflegewohnstift Rodenbergtor;122.46;0;130.7;6.269.999.999.999.990;68.0;8.327.279.999.999.990;130.7;6.269.999.999.999.990;68.0;8.327.279.999.999.990;⚠️ Warnung: Das volle Potenzial der Batterie konnte aufgrund der Lastprofilcharakteristiken nicht erreicht werden.;⚠️ Warnung: Das volle Potenzial der Batterie konnte aufgrund der Lastprofilcharakteristiken nicht erreicht werden.;c:\Users\mgr\battery-dashboard-v3\Alloheim_overview\data\18859_7482 CMS Pflegewohnstift Rodenbergtor.xlsx
82844;7491 CMS Wohn- und Pflegezentrum Bergeck GmbH;34.21;137;72.06;20.060.000.000.000.000;52.0;1778.92;58.096.950.206.937.700;16.096.950.206.937.700;42.0;1436.82;⚠️ Warnung: Das volle Potenzial der Batterie konnte aufgrund der Lastprofilcharakteristiken nicht erreicht werden.;⚠️ Warnung: Das volle Potenzial der Batterie konnte aufgrund der Lastprofilcharakteristiken nicht erreicht werden.;c:\Users\mgr\battery-dashboard-v3\Alloheim_overview\data\18859_7491 CMS Wohn- und Pflegezentrum Bergeck GmbH.xlsx
82854;7603 Pro Talis Seniorenzentrum An der Rotdornstraße;89.99;0;138.352;62.352.000.000.000.000;76.0;6839.24;138.352;62.352.000.000.000.000;76.0;6839.24;⚠️ Warnung: Das volle Potenzial der Batterie konnte aufgrund der Lastprofilcharakteristiken nicht erreicht werden.;⚠️ Warnung: Das volle Potenzial der Batterie konnte aufgrund der Lastprofilcharakteristiken nicht erreicht werden.;c:\Users\mgr\battery-dashboard-v3\Alloheim_overview\data\18859_7603 Pro Talis Seniorenzentrum An der Rotdornstraße.xlsx
83241;7604 Pro Talis Seniorenzentrum Am Humboldtplatz;123.83;0;82.18;29.180.000.000.000.000;53.0;6562.99;82.18;29.180.000.000.000.000;53.0;6562.99;⚠️ Warnung: Das volle Potenzial der Batterie konnte aufgrund der Lastprofilcharakteristiken nicht erreicht werden.;⚠️ Warnung: Das volle Potenzial der Batterie konnte aufgrund der Lastprofilcharakteristiken nicht erreicht werden.;c:\Users\mgr\battery-dashboard-v3\Alloheim_overview\data\18859_7604 Pro Talis Seniorenzentrum Am Humboldtplatz.xlsx
82956;7605 Pro Talis Seniorenzentrum Düsseldorfer Straße;22.71;0;146.772;6.677.199.999.999.990;80.0;18.168.000.000.000.000;146.772;6.677.199.999.999.990;80.0;18.168.000.000.000.000;⚠️ Warnung: Das volle Potenzial der Batterie konnte aufgrund der Lastprofilcharakteristiken nicht erreicht werden.;⚠️ Warnung: Das volle Potenzial der Batterie konnte aufgrund der Lastprofilcharakteristiken nicht erreicht werden.;c:\Users\mgr\battery-dashboard-v3\Alloheim_overview\data\18859_7605 Pro Talis Seniorenzentrum Düsseldorfer Straße.xlsx
82943;7606 Pro Talis Seniorenzentrum Freiherr-vom-Stein-Straße;22.71;0;122.92;44.92;78.0;1771.38;122.92;44.92;78.0;1771.38;⚠️ Warnung: Das volle Potenzial der Batterie konnte aufgrund der Lastprofilcharakteristiken nicht erreicht werden.;⚠️ Warnung: Das volle Potenzial der Batterie konnte aufgrund der Lastprofilcharakteristiken nicht erreicht werden.;c:\Users\mgr\battery-dashboard-v3\Alloheim_overview\data\18859_7606 Pro Talis Seniorenzentrum Freiherr-vom-Stein-Straße.xlsx
82942;7607 Pro Talis Seniorenzentrum Am Solebad;22.71;0;81.3;23.299.999.999.999.900;58.0;1317.18;81.3;23.299.999.999.999.900;58.0;1317.18;⚠️ Warnung: Das volle Potenzial der Batterie konnte aufgrund der Lastprofilcharakteristiken nicht erreicht werden.;⚠️ Warnung: Das volle Potenzial der Batterie konnte aufgrund der Lastprofilcharakteristiken nicht erreicht werden.;c:\Users\mgr\battery-dashboard-v3\Alloheim_overview\data\18859_7607 Pro Talis Seniorenzentrum Am Solebad.xlsx
83239;7611 Pro Talis Seniorenzentrum Am Volkspark;22.71;0;438.816;338.816;100.0;2271.0;438.816;338.816;100.0;2271.0;;;c:\Users\mgr\battery-dashboard-v3\Alloheim_overview\data\18859_7611 Pro Talis Seniorenzentrum Am Volkspark.xlsx
82916;7612 Pro Talis Seniorenzentrum Alte Feuerwache;22.71;0;82.36;35.36;47.0;10.673.700.000.000.000;82.36;35.36;47.0;10.673.700.000.000.000;⚠️ Warnung: Das volle Potenzial der Batterie konnte aufgrund der Lastprofilcharakteristiken nicht erreicht werden.;⚠️ Warnung: Das volle Potenzial der Batterie konnte aufgrund der Lastprofilcharakteristiken nicht erreicht werden.;c:\Users\mgr\battery-dashboard-v3\Alloheim_overview\data\18859_7612 Pro Talis Seniorenzentrum Alte Feuerwache.xlsx
83167;7631 Pro Talis Seniorenzentrum Am Hasetal;18.49;0;120.9;39.900.000.000.000.000;81.0;14.976.899.999.999.900;120.9;39.900.000.000.000.000;81.0;14.976.899.999.999.900;⚠️ Warnung: Das volle Potenzial der Batterie konnte aufgrund der Lastprofilcharakteristiken nicht erreicht werden.;⚠️ Warnung: Das volle Potenzial der Batterie konnte aufgrund der Lastprofilcharakteristiken nicht erreicht werden.;c:\Users\mgr\battery-dashboard-v3\Alloheim_overview\data\18859_7631 Pro Talis Seniorenzentrum Am Hasetal.xlsx
83165;7632 Pro Talis Seniorenzentrum Am alten Hasetor;72.86;0;36.96;19.96;17.0;1238.62;36.96;19.96;17.0;1238.62;⚠️ Warnung: Das volle Potenzial der Batterie konnte aufgrund der Lastprofilcharakteristiken nicht erreicht werden.;⚠️ Warnung: Das volle Potenzial der Batterie konnte aufgrund der Lastprofilcharakteristiken nicht erreicht werden.;c:\Users\mgr\battery-dashboard-v3\Alloheim_overview\data\18859_7632 Pro Talis Seniorenzentrum Am alten Hasetor.xlsx
82808;7801 Lippe Residenz Barntrup;16.95;150;59.816;19.816.000.000.000.000;40.0;678.0;44.543.563.647.653.200;7.543.563.647.653.240;37.0;627.15;⚠️ Warnung: Das volle Potenzial der Batterie konnte aufgrund der Lastprofilcharakteristiken nicht erreicht werden.;⚠️ Warnung: Das volle Potenzial der Batterie konnte aufgrund der Lastprofilcharakteristiken nicht erreicht werden.;c:\Users\mgr\battery-dashboard-v3\Alloheim_overview\data\18859_7801 Lippe Residenz Barntrup.xlsx
82880;7802 Werre Residenz;16.95;160;67.68;3.268.000.000.000.000;35.0;593.25;6.010.454.137.332.570;29.104.541.373.325.700;31.0;5.254.499.999.999.990;⚠️ Warnung: Das volle Potenzial der Batterie konnte aufgrund der Lastprofilcharakteristiken nicht erreicht werden.;⚠️ Warnung: Das volle Potenzial der Batterie konnte aufgrund der Lastprofilcharakteristiken nicht erreicht werden.;c:\Users\mgr\battery-dashboard-v3\Alloheim_overview\data\18859_7802 Werre Residenz.xlsx
85451;"7803 Seniorenhaus ""Altenhagen""";0.0;220;70.0;21.0;49.0;0.0;6.014.559.209.509.060;1.314.559.209.509.060;47.0;0.0;⚠️ Warnung: Das volle Potenzial der Batterie konnte aufgrund der Lastprofilcharakteristiken nicht erreicht werden.;⚠️ Warnung: Das volle Potenzial der Batterie konnte aufgrund der Lastprofilcharakteristiken nicht erreicht werden.;c:\Users\mgr\battery-dashboard-v3\Alloheim_overview\data\18859_7803 Seniorenhaus _Altenhagen_.xlsx
84300;7805 Tagespflege im Seniorenhaus Nußberg;0.0;170;65.28;26.28;39.0;0.0;59.007.457.384.039.900;23.007.457.384.039.900;36.0;0.0;⚠️ Warnung: Das volle Potenzial der Batterie konnte aufgrund der Lastprofilcharakteristiken nicht erreicht werden.;⚠️ Warnung: Das volle Potenzial der Batterie konnte aufgrund der Lastprofilcharakteristiken nicht erreicht werden.;c:\Users\mgr\battery-dashboard-v3\Alloheim_overview\data\18859_7805 Tagespflege im Seniorenhaus Nußberg.xlsx
85332;"7806 Alloheim Senioren-Residenz ""Crange""";0.0;150;62.0;22.0;40.0;0.0;6.181.882.052.582.010;19.818.820.525.820.100;42.0;0.0;⚠️ Warnung: Das volle Potenzial der Batterie konnte aufgrund der Lastprofilcharakteristiken nicht erreicht werden.;⚠️ Warnung: Das volle Potenzial der Batterie konnte aufgrund der Lastprofilcharakteristiken nicht erreicht werden.;c:\Users\mgr\battery-dashboard-v3\Alloheim_overview\data\18859_7806 Alloheim Senioren-Residenz _Crange_.xlsx
85045;"7808 Alloheim Senioren-Residenz ""Jürgens Hof""";39.32;220;69.0;22.0;47.0;1848.04;57.597.612.330.991.000;13.597.612.330.991.000;44.0;1730.08;⚠️ Warnung: Das volle Potenzial der Batterie konnte aufgrund der Lastprofilcharakteristiken nicht erreicht werden.;⚠️ Warnung: Das volle Potenzial der Batterie konnte aufgrund der Lastprofilcharakteristiken nicht erreicht werden.;c:\Users\mgr\battery-dashboard-v3\Alloheim_overview\data\18859_7808 Alloheim Senioren-Residenz _Jürgens Hof_.xlsx
83153;"7811 Senioren-Residenz ""Bönen Königsborn""";137.6;240;73.0;37.0;36.0;4.953.599.999.999.990;6.799.144.816.825.490;30.991.448.168.254.900;37.0;5091.2;⚠️ Warnung: Das volle Potenzial der Batterie konnte aufgrund der Lastprofilcharakteristiken nicht erreicht werden.;⚠️ Warnung: Das volle Potenzial der Batterie konnte aufgrund der Lastprofilcharakteristiken nicht erreicht werden.;c:\Users\mgr\battery-dashboard-v3\Alloheim_overview\data\18859_7811 Senioren-Residenz _Bönen Königsborn_.xlsx
82871;"7812 Senioren-Residenz ""An der Großen Laache""";78.46;170;91.52;56.519.999.999.999.900;35.0;2746.1;8.810.734.821.798.660;5.110.734.821.798.660;37.0;2903.02;⚠️ Warnung: Das volle Potenzial der Batterie konnte aufgrund der Lastprofilcharakteristiken nicht erreicht werden.;⚠️ Warnung: Das volle Potenzial der Batterie konnte aufgrund der Lastprofilcharakteristiken nicht erreicht werden.;c:\Users\mgr\battery-dashboard-v3\Alloheim_overview\data\18859_7812 Senioren-Residenz _An der Großen Laache_.xlsx
82820;7820 Seniorenhaus Kurler Busch;29.71;120;48.76;15.759.999.999.999.900;33.0;9.804.300.000.000.000;4.588.879.344.755.760;12.888.793.447.557.600;33.0;9.804.300.000.000.000;⚠️ Warnung: Das volle Potenzial der Batterie konnte aufgrund der Lastprofilcharakteristiken nicht erreicht werden.;⚠️ Warnung: Das volle Potenzial der Batterie konnte aufgrund der Lastprofilcharakteristiken nicht erreicht werden.;c:\Users\mgr\battery-dashboard-v3\Alloheim_overview\data\18859_7820 Seniorenhaus Kurler Busch.xlsx
83019;7821 Seniorenresidenz Selm;78.46;140;60.04;23.04;37.0;2903.02;4.907.478.530.021.120;2.007.478.530.021.120;29.0;22.753.399.999.999.900;⚠️ Warnung: Das volle Potenzial der Batterie konnte aufgrund der Lastprofilcharakteristiken nicht erreicht werden.;⚠️ Warnung: Das volle Potenzial der Batterie konnte aufgrund der Lastprofilcharakteristiken nicht erreicht werden.;c:\Users\mgr\battery-dashboard-v3\Alloheim_overview\data\18859_7821 Seniorenresidenz Selm.xlsx
83652;"8218 Alloheim Senioren-Residenz ""Haus Bergisch Land""";201.93;190;141.0;71.0;70.0;14135.1;12.753.417.927.132.700;6.353.417.927.132.750;64.0;12923.52;⚠️ Warnung: Das volle Potenzial der Batterie konnte aufgrund der Lastprofilcharakteristiken nicht erreicht werden.;⚠️ Warnung: Das volle Potenzial der Batterie konnte aufgrund der Lastprofilcharakteristiken nicht erreicht werden.;c:\Users\mgr\battery-dashboard-v3\Alloheim_overview\data\18859_8218 Alloheim Senioren-Residenz _Haus Bergisch Land_.xlsx
82944;"8443 Alloheim Senioren-Residenz ""Nordstraße""";167.77;200;80.6;36.599.999.999.999.900;44.0;7381.88;7.599.465.574.592.930;2.999.465.574.592.930;46.0;7717.42;⚠️ Warnung: Das volle Potenzial der Batterie konnte aufgrund der Lastprofilcharakteristiken nicht erreicht werden.;⚠️ Warnung: Das volle Potenzial der Batterie konnte aufgrund der Lastprofilcharakteristiken nicht erreicht werden.;c:\Users\mgr\battery-dashboard-v3\Alloheim_overview\data\18859_8443 Alloheim Senioren-Residenz _Nordstraße_.xlsx
83100;"8997 Alloheim Senioren-Residenz ""Haus am Peetzsee""";96.77;170;92.5;41.5;51.0;49.352.699.999.999.900;86.708.388.617.274;38.708.388.617.274;48.0;4644.96;⚠️ Warnung: Das volle Potenzial der Batterie konnte aufgrund der Lastprofilcharakteristiken nicht erreicht werden.;⚠️ Warnung: Das volle Potenzial der Batterie konnte aufgrund der Lastprofilcharakteristiken nicht erreicht werden.;c:\Users\mgr\battery-dashboard-v3\Alloheim_overview\data\18859_8997 Alloheim Senioren-Residenz _Haus am Peetzsee_.xlsx
83099;"8998 Alloheim Senioren-Residenz ""Haus am Werbellinsee""";96.77;170;51.856;24.856;27.0;2612.79;5.022.743.464.417.420;22.227.434.644.174.200;28.0;2709.56;⚠️ Warnung: Das volle Potenzial der Batterie konnte aufgrund der Lastprofilcharakteristiken nicht erreicht werden.;⚠️ Warnung: Das volle Potenzial der Batterie konnte aufgrund der Lastprofilcharakteristiken nicht erreicht werden.;c:\Users\mgr\battery-dashboard-v3\Alloheim_overview\data\18859_8998 Alloheim Senioren-Residenz _Haus am Werbellinsee_.xlsx
